Title,Price,Store
Сумка-органайзер для взуття дорожній блакитний o,140,Авокадо
Сумка-органайзер для взуття рожевий дорожній o,140,Авокадо
"Чохол для дорожньої валізи на захисну валізу 18-21 S, Турист o",514,Авокадо
"Чохол для дорожньої валізи на валізу захисну 18-21 S, Коти o",514,Авокадо
"Чохол для дорожньої валізи на валізу захисну 18-21 S, Happy Holidays o",514,Авокадо
Сумка на колесах Stenson MH-2079 94 см d,654,Абрикос
Сумка на колесах Stenson MH-1897 95 см d,560,Абрикос
Сумка на колесах Stenson MH-1901 94 см d,586,Абрикос
Сумка на колесах Stenson MH-2785 93 см d,496,Абрикос
Сумка дорожня Stenson J-00752 29х25х10 см d,248,Абрикос
